"Term","Importance"
"indian",16.4724361313098
"successor",16.1827116398331
"unto",13.1776678514838
"thousand",12.9314728290541
"hundr",12.4187688115858
"confirm",12.1957770297613
"heir",12.089953623295
"grant",10.6079285084841
"give",9.23728463754921
"ottawa",8.83030278065779
"pound",8.42999701606607
"third",8.36428951024234
"nation",7.29750294073808
"hold",7.21166409570994
"parcel",6.90532221322507
"father",6.80401191351182
"settlement",6.77696566220108
"certain",5.83015310350275
"present",5.82666792104127
"use",5.78327735432935
"promis",5.39243528009384
"control",5.22335197351956
"said",5.02248419376277
"consider",4.88708838097042
"unit",4.83589763290374
"peopl",4.49747287879292
"one",4.4122334946821
"five",4.40795628887019
"made",4.37633375727663
"within",4.31728974050497
"protect",4.23444635121882
"receipt",4.15921738928192
"wit",4.0472562627379
"know",4.03682210987565
"warrior",3.75688906919303
"sound",3.58434465260408
"seven",3.57120343815756
"begin",3.54814649758324
"inhabit",3.52092321221754
"georg",3.50754077489602
"peac",3.44855174953193
"molest",3.38106326782782
"bring",3.37711695986858
"tribe",3.33557183169261
"princip",3.32450341235964
"clear",3.18458514620147
"prepar",3.1266236781757
"will",3.02383744869473
"provinc",3.01553946740245
"member",2.92917226093846
"subject",2.92778245396636
"hereaft",2.91265111165349
"wood",2.89138072395777
"observ",2.82837227184688
"advis",2.78830693617664
"surrend",2.77153800679292
"lord",2.75309558634331
"propos",2.74193596375023
"bargain",2.69445112385258
"upon",2.62462068018185
"hereinbefor",2.61426501330048
"mile",2.60829573079298
"strict",2.57517841188706
"acknowledg",2.54408220861804
"parti",2.47925739086325
"command",2.47302573225568
"king",2.4611919312141
"voluntarili",2.45584886805731
"ten",2.44888323125145
"pay",2.42536408791467
"dominion",2.41967019838121
"mention",2.4040956890512
"allow",2.38114371958573
"children",2.36223829540178
"soon",2.34544372805613
"majesti",2.3409610601157
"attend",2.28011401641466
"whereof",2.23645159013957
"becom",2.23533511365323
"shill",2.23006553727953
"return",2.22059751057774
"countri",2.21087102014339
"sever",2.19905514639925
"appurten",2.19183611906876
"conduct",2.1903341417303
"sign",2.18957996591583
"yield",2.1811313172485
"except",2.17396768317461
"leav",2.17243544913266
"proceed",2.16867789837001
"council",2.16134118850271
"cultiv",2.14576213215422
"juli",2.13437600740624
"inform",2.12332475749023
"come",2.12150036184033
"caus",2.11681611737356
"thereon",2.10784324732117
"receiv",2.1078408349496
"thing",2.06696323275585
"affix",2.04891879675746
"demand",2.0237548287879
"manner",2.01034222212231
"kingdom",2.00669345712884
"whole",2.00217289903828
"commission",1.99778531979934
"eighti",1.99010739038355
"sell",1.97434712408912
"east",1.9733010509053
"million",1.94068226179054
"defend",1.9287113538425
"direct",1.91745258778617
"order",1.88968215742543
"furnish",1.8872421749614
"eight",1.88145274733421
"treati",1.87355355654723
"bear",1.85795617409313
"purpos",1.84705636185239
"express",1.83420690925923
"alien",1.81858229264196
"free",1.81481890132989
"august",1.79260460487585
"doth",1.77954547116975
"commiss",1.77437770798522
"benevol",1.77015041901239
"seal",1.76784450090198
"requir",1.76536469898025
"britain",1.75802635184891
"forev",1.73799194981462
"northeast",1.73289004871937
"currenc",1.72332360697836
"four",1.72076410359425
"end",1.72013487783922
"smaller",1.71410431540426
"conform",1.71289583867585
"articl",1.70591784248863
"souther",1.70504470662596
"hath",1.69887397224242
"privileg",1.69350475359129
"plan",1.68465281185507
"select",1.6769503456151
"call",1.67335390138115
"forest",1.67240941040823
"execut",1.66248511060487
"extend",1.65765750278324
"case",1.64819689647937
"proport",1.64741642946502
"britann",1.63255326050858
"greet",1.62822630335514
"april",1.6209511126839
"sole",1.6197010343151
"hereund",1.61405896062252
"resid",1.6138968884826
"survey",1.61048888580675
"sent",1.60837425686638
"instruct",1.60804434925619
"expens",1.60614279414534
"carri",1.60105883561433
"number",1.59643868070539
"repres",1.5897630095124
"hereinaft",1.58568721033552
"portion",1.57952719614837
"agre",1.57258141120076
"purchas",1.56595645521874
"known",1.56260067506725
"save",1.55178671099812
"two",1.55064779624383
"wish",1.54796862092661
"provid",1.54099356318013
"interest",1.54045824130572
"hudson",1.52892114873911
"consid",1.52817231319904
"can",1.52676338526991
"explain",1.52655475121464
"far",1.51463315457924
"freeli",1.51372273819349
"chain",1.50836965364754
"novemb",1.50655962215495
"law",1.50544168279508
"least",1.50503963904023
"revers",1.49797027782859
"westward",1.49767485932132
"request",1.49200415590072
"remaind",1.49064922803045
"sold",1.48950337370347
"apart",1.48919110086774
"complet",1.47918055610343
"second",1.47716572140848
"reason",1.47620258647958
"distanc",1.47610864126827
"councillor",1.47300892647716
"governor",1.46240989404558
"differ",1.45947056937363
"might",1.45927973151943
"provision",1.45564617414147
"given",1.44836563037337
"meet",1.44749010331932
"twentytwo",1.43804889571825
"favour",1.43422733992244
"act",1.4342178901985
"year",1.4332978751551
"territori",1.43091936459722
"intend",1.43017435425232
"deputi",1.42790097341027
"understood",1.42740974746165
"conclud",1.42337693471323
"ever",1.42222530636264
"met",1.41492094075867
"section",1.41457084691091
"spring",1.41448194403219
"reign",1.41447597921592
"long",1.41443932731349
"strait",1.40868508368144
"immigr",1.40703281851358
"mani",1.40552662403638
"portag",1.40356678835478
"suitabl",1.39834099834436
"unexpend",1.39788543903971
"heredita",1.39168107975229
"god",1.3912146142577
"exceed",1.38796498355663
"manitoba",1.38426733692186
"wherof",1.3796470587141
"communic",1.37941010594341
"fair",1.37811530198235
"report",1.37352676268177
"way",1.36345613772151
"child",1.36056237205981
"faith",1.35522864988763
"intersect",1.35462012279423
"due",1.34776243702913
"famili",1.34482047695859
"profit",1.34137094028022
"posit",1.34050013335568
"move",1.33600058492983
"enabl",1.33128840240857
"outlet",1.32982930819597
"appear",1.32449819419934
"compani",1.32414358215884
"cow",1.32168337356467
"build",1.32124719119974
"matter",1.31902367675341
"extent",1.31848376452284
"inspector",1.31611658854428
"get",1.31412445065241
"subscrib",1.30661079873636
"seventh",1.30589156220293
"satisfact",1.30359685522867
"compens",1.30328859070269
"but",1.30095406948845
"shall",1.29606442247255
"contract",1.2921812659231
"hereto",1.29141675794475
"herebi",1.28982017458884
"gift",1.2897642879772
"pursuanc",1.28603219167331
"notifi",1.28368512546474
"hope",1.28057200053995
"price",1.28048238667139
"determin",1.27944234737602
"reserv",1.27702698378953
"reach",1.26956438177835
"vocat",1.26825673416771
"enter",1.26683189461965
"superintend",1.26682587118353
"improv",1.25952170037877
"cross",1.25683683729011
"term",1.25467867349179
"point",1.24908128614793
"held",1.24856799823634
"word",1.23978121729992
"settl",1.23857676489464
"narrow",1.23044924478867
"rent",1.22976035365033
"pass",1.22880719263354
"open",1.22772962456593
"see",1.22437386973127
"maintain",1.221343594618
"liabl",1.21319502301306
"cree",1.21272839634881
"render",1.19852157650627
"left",1.19324557310763
"difficulti",1.18961194388453
"dress",1.18873593110794
"accompani",1.18403816735524
"fort",1.17472505301154
"memori",1.17471610455935
"languag",1.17175306201837
"fifteen",1.17162853968255
"excel",1.16642320839575
"wherev",1.16432538375292
"sir",1.16325318190154
"northwest",1.16022811394113
"author",1.15901973270994
"behaviour",1.15248397016422
"consent",1.15059390933177
"estat",1.14689581079515
"west",1.13927163402732
"negoti",1.11230894317183
"old",1.10766525765456
"hunt",1.10493897868944
"whose",1.1046807969487
"care",1.10004977495898
"final",1.09063463214644
"coven",1.08668225070734
"abl",1.0793149985559
"deer",1.07660826657996
"submit",1.07289056057255
"tract",1.06906231586877
"suffici",1.06524038744957
"aid",1.06476885904982
"convey",1.0647375826374
"shore",1.06459586385922
"yet",1.05961619358565
"engag",1.05473602325519
"grace",1.05244925571647
"thereof",1.04871531772356
"white",1.04748537559204
"paid",1.0449494816613
"good",1.03291703930714
"mckee",1.03267875979706
"conven",1.03148263040264
"dispos",1.02953048985303
"district",1.02948830392527
"think",1.02194868195033
"throughout",1.02028491312418
"alexand",1.01854271245423
"attach",1.01721442778345
"truli",1.01627485418623
"deed",1.01446193293218
"ireland",1.0098009954036
"behalf",1.00853234020443
"age",1.00673272033557
"may",1.00530930225486
"colonel",1.0027499798638
"account",1.00025009378908
"add",1.00025009378908
"administ",1.00025009378908
"advantag",1.00025009378908
"allot",1.00025009378908
"annuiti",1.00025009378908
"appertain",1.00025009378908
"appropri",1.00025009378908
"arriv",1.00025009378908
"behoof",1.00025009378908
"blanc",1.00025009378908
"boat",1.00025009378908
"boi",1.00025009378908
"boston",1.00025009378908
"broken",1.00025009378908
"chairman",1.00025009378908
"chas",1.00025009378908
"committe",1.00025009378908
"compos",1.00025009378908
"comput",1.00025009378908
"confer",1.00025009378908
"copi",1.00025009378908
"deleg",1.00025009378908
"depth",1.00025009378908
"educ",1.00025009378908
"eighth",1.00025009378908
"encourag",1.00025009378908
"ensu",1.00025009378908
"equiti",1.00025009378908
"eri",1.00025009378908
"farm",1.00025009378908
"feel",1.00025009378908
"flamborough",1.00025009378908
"game",1.00025009378908
"georgian",1.00025009378908
"herewith",1.00025009378908
"hinder",1.00025009378908
"import",1.00025009378908
"introduc",1.00025009378908
"issu",1.00025009378908
"journey",1.00025009378908
"kept",1.00025009378908
"life",1.00025009378908
"local",1.00025009378908
"lumber",1.00025009378908
"ninth",1.00025009378908
"northward",1.00025009378908
"payabl",1.00025009378908
"probabl",1.00025009378908
"proportion",1.00025009378908
"recognit",1.00025009378908
"robinsonhuron",1.00025009378908
"root",1.00025009378908
"sabl",1.00025009378908
"season",1.00025009378908
"seventysix",1.00025009378908
"shown",1.00025009378908
"signatur",1.00025009378908
"start",1.00025009378908
"starvat",1.00025009378908
"submiss",1.00025009378908
"supervis",1.00025009378908
"talon",1.00025009378908
"thame",1.00025009378908
"thereupon",1.00025009378908
"town",1.00025009378908
"travel",1.00025009378908
"trout",1.00025009378908
"undertook",1.00025009378908
"valuabl",1.00025009378908
"whenev",1.00025009378908
"wide",1.00025009378908
"absenc",1.00025009378908
"anim",1.00025009378908
"beyond",1.00025009378908
"churchil",1.00025009378908
"colour",1.00025009378908
"commit",1.00025009378908
"compris",1.00025009378908
"convinc",1.00025009378908
"discharg",1.00025009378908
"divest",1.00025009378908
"duti",1.00025009378908
"eagl",1.00025009378908
"eleven",1.00025009378908
"empow",1.00025009378908
"enact",1.00025009378908
"enfeoff",1.00025009378908
"enough",1.00025009378908
"expedi",1.00025009378908
"extrem",1.00025009378908
"flag",1.00025009378908
"gone",1.00025009378908
"grand",1.00025009378908
"hall",1.00025009378908
"harmless",1.00025009378908
"holiday",1.00025009378908
"littl",1.00025009378908
"mackenzi",1.00025009378908
"ordinari",1.00025009378908
"owe",1.00025009378908
"pleas",1.00025009378908
"pretti",1.00025009378908
"quarrel",1.00025009378908
"railway",1.00025009378908
"sea",1.00025009378908
"seventeen",1.00025009378908
"seymour",1.00025009378908
"shewn",1.00025009378908
"simpson",1.00025009378908
"soever",1.00025009378908
"soldier",1.00025009378908
"space",1.00025009378908
"suppli",1.00025009378908
"thereaft",1.00025009378908
"thirti",1.00025009378908
"thirtysix",1.00025009378908
"trust",1.00025009378908
"various",1.00025009378908
"want",1.00025009378908
"york",1.00025009378908
"regul",0.999632107948368
"therefor",0.996412068403054
"annex",0.994535489433053
"event",0.989962839126856
"provis",0.988156190399117
"arrang",0.983097782679659
"water",0.978795144588629
"forti",0.97737273716577
"scotia",0.975032719698426
"southwest",0.971607704136835
"red",0.96814667397329
"make",0.963701569845865
"lead",0.960263270501324
"fourth",0.959188797316945
"trap",0.94966174784155
"question",0.947412984076391
"thereabout",0.943229024205224
"forego",0.941620206938951
"possibl",0.941098533987748
"well",0.940635030432069
"without",0.940202793251109
"undertak",0.932831022506251
"approv",0.920893658976745
"admeasur",0.91757806962612
"date",0.917284488359553
"punish",0.916586349327258
"headmen",0.915003448696724
"area",0.91263033395882
"whatev",0.911669980868286
"deliber",0.907853431659346
"sixti",0.904929031303867
"place",0.904366330693125
"lie",0.90094314534881
"seem",0.898833266106897
"chief",0.896167640947459
"blanket",0.895945479593663
"new",0.895321312934355
"obtain",0.89206340621097
"bishop",0.888214000269767
"respons",0.886829329691857
"absolv",0.882026821653139
"bounti",0.87939619094056
"defin",0.873778182839593
"premis",0.872197864122503
"extinguish",0.866216187706932
"draw",0.865803652220455
"coast",0.864217309535229
"govern",0.857900426922442
"lay",0.85610214660667
"strike",0.848955913078904
"french",0.844450627501732
"count",0.844099480806313
"much",0.832701675603273
"payment",0.820332014032987
"part",0.802520544829607
"therein",0.792147321742606
"herein",0.776542864737755
"general",0.773098936415887
"sault",0.771105425335792
"western",0.770076897193008
"war",0.762096778265812
"cede",0.753560829673342
"found",0.751625135453902
"necessari",0.750094348034
"fall",0.746272785900783
"actual",0.745326780013461
"twelv",0.745238323319979
"refer",0.743736066688063
"twenti",0.738676202342722
"deliv",0.734798207733752
"franc",0.733792865730362
"degre",0.726067158538548
"southeast",0.722874452586718
"usual",0.721952760936454
"individu",0.715175182563614
"also",0.684331260435269
"villag",0.662348298662432
"accept",0.656445482456824
"claim",0.641681076168809
"sovereign",0.640238412424793
"six",0.633751175780024
"less",0.62435387564184
"nine",0.62111290579725
"stream",0.616702313277014
"former",0.599953681134023
"singular",0.590929077844374
"island",0.574693252043177
"cattl",0.571297823075003
"hous",0.56563317097285
"twentyseven",0.565478355226941
"british",0.550214337449655
"ammunit",0.547852350886152
"descend",0.535631570925076
"septemb",0.533799065133046
"instrument",0.528801603380249
"commenc",0.527793811947798
"assist",0.523076589340868
"dollar",0.513996889929711
"owen",0.507584770156435
"men",0.499101695987519
"across",0.485670767473318
"presenc",0.475287018532528
"road",0.470683774532061
"hereunto",0.46750094604342
"trade",0.465432615544065
"special",0.462393829429168
"behav",0.462112000963702
"acr",0.459151979900988
"person",0.451231189180969
"forth",0.436607046480511
"esquir",0.431989729241292
"contain",0.425228424464274
"hand",0.420976561553112
"taken",0.415095959772989
"offic",0.394031933351008
"day",0.386442921009309
"pretend",0.382225872897136
"first",0.329856360016894
"parallel",0.304050807541412
"small",0.300385582017863
"set",0.294625292662475
"perform",0.293492708499839
"honour",0.288756345167042
"aforesaid",0.283350418339059
"expect",0.27183607941153
"minist",0.265288360973537
"assiniboin",0.262240633082478
"treat",0.2539760236395
"sale",0.250280160938659
"summer",0.250225620241811
"elsewher",0.24779230220486
"record",0.212962532620992
"just",0.204449728163914
"home",0.201062842686346
"corner",0.199422157100137
"therebi",0.19799065977496
"tranch",0.196199952148927
"great",0.194789462862148
"ontario",0.181499427150683
"benefit",0.178576226463778
"titl",0.176853345599659
"put",0.171909667120709
"certifi",0.163763201053995
"kind",0.152139635977681
"township",0.142471573325725
"saskatchewan",0.138050191993843
"fli",0.118252977091771
"interior",0.117558809020467
"justic",0.11700876041245
"solemn",0.101509444151276
"easter",0.096861453090095
"thenc",0.0596756084184917
"connect",0.0528593355790633
"renounc",0.00444362115856425
"abandon",0
"abenc",0
"abil",0
"abitibi",0
"abod",0
"aborigin",0
"abound",0
"abovenam",0
"absent",0
"absente",0
"absolut",0
"absurd",0
"abus",0
"abut",0
"acadi",0
"acadia",0
"accadi",0
"accadia",0
"access",0
"accid",0
"accommod",0
"accomplish",0
"accru",0
"accus",0
"acheton",0
"acquaint",0
"acquiesc",0
"acquir",0
"acquisit",0
"acreag",0
"action",0
"activ",0
"acut",0
"addit",0
"address",0
"adduc",0
"adept",0
"adequ",0
"adher",0
"adhes",0
"adjac",0
"adjoin",0
"adjourn",0
"adjut",0
"admir",0
"admiss",0
"admit",0
"adopt",0
"advanc",0
"advic",0
"affect",0
"affirm",0
"afford",0
"aforement",0
"afraid",0
"afternoon",0
"afterward",0
"agenc",0
"agent",0
"aggriev",0
"ago",0
"agreeabl",0
"agricultur",0
"ahalf",0
"ahbetosomai",0
"ahmutchiwagabou",0
"air",0
"aisainc",0
"alarm",0
"albani",0
"albert",0
"alberta",0
"aldervill",0
"alex",0
"alfr",0
"alia",0
"alik",0
"aliv",0
"allan",0
"allegi",0
"allevi",0
"alli",0
"allianc",0
"allig",0
"almost",0
"alon",0
"alter",0
"although",0
"altogeth",0
"amend",0
"america",0
"american",0
"amherstburg",0
"amherstburgh",0
"amo",0
"ampl",0
"anchor",0
"ancient",0
"andrew",0
"anglican",0
"angus",0
"animikinc",0
"annapoli",0
"anno",0
"announc",0
"annoy",0
"annuit",0
"annum",0
"anottowin",0
"ansdel",0
"answer",0
"ant",0
"antenewayway",0
"anthoni",0
"anticip",0
"anticosti",0
"antiocosti",0
"anxious",0
"anyon",0
"anyth",0
"anyway",0
"anywis",0
"apalachicola",0
"apiec",0
"appar",0
"apparten",0
"append",0
"applic",0
"apport",0
"apprehend",0
"apprehens",0
"appris",0
"approach",0
"approb",0
"approxim",0
"apt",0
"aquart",0
"archi",0
"arctic",0
"arduous",0
"arexus",0
"argument",0
"arighwadaga",0
"aris",0
"arisen",0
"aritcl",0
"arm",0
"armi",0
"armstrong",0
"aros",0
"around",0
"arpent",0
"arrear",0
"arrow",0
"arthur",0
"artifici",0
"artilleri",0
"asa",0
"ascend",0
"ascertain",0
"ash",0
"ashewasega",0
"asheweig",0
"ask",0
"assent",0
"assidu",0
"assiginock",0
"assign",0
"associ",0
"assort",0
"assumpt",0
"ataweetsera",0
"athabasca",0
"athabaska",0
"atlantick",0
"atonishcosh",0
"attamaha",0
"attawapiskat",0
"attempt",0
"attest",0
"aug",0
"auger",0
"augment",0
"augustus",0
"auspic",0
"austin",0
"autumn",0
"aux",0
"avail",0
"averag",0
"avers",0
"avoc",0
"avoid",0
"avoin",0
"await",0
"awe",0
"awrey",0
"axe",0
"aylmer",0
"babi",0
"backward",0
"bad",0
"baggag",0
"balanc",0
"bald",0
"ball",0
"bant",0
"baptist",0
"bar",0
"baril",0
"barley",0
"baronet",0
"barren",0
"barrett",0
"barrier",0
"barristeratlaw",0
"bart",0
"barter",0
"base",0
"basi",0
"basin",0
"batchewana",0
"batchewanaung",0
"battl",0
"battleford",0
"baypenetangushen",0
"beach",0
"beatti",0
"beauti",0
"beaver",0
"beaverston",0
"becam",0
"bedford",0
"befallen",0
"beforement",0
"beg",0
"began",0
"begun",0
"behind",0
"behoff",0
"belief",0
"believ",0
"bell",0
"belt",0
"benard",0
"bend",0
"beniah",0
"benish",0
"benj",0
"benjamin",0
"beren",0
"best",0
"bestow",0
"bestthat",0
"better",0
"big",0
"bind",0
"birch",0
"bird",0
"biscotas",0
"black",0
"blackfeet",0
"blackfoot",0
"blandford",0
"blaze",0
"bless",0
"blind",0
"block",0
"blockad",0
"blood",0
"bluff",0
"boar",0
"board",0
"boatmen",0
"bodi",0
"bond",0
"bonifac",0
"book",0
"boquet",0
"border",0
"bore",0
"born",0
"borthwick",0
"bostwick",0
"bottom",0
"bounc",0
"bow",0
"bowman",0
"boy",0
"bradstreet",0
"branch",0
"brant",0
"brass",0
"brave",0
"braveri",0
"breach",0
"bread",0
"break",0
"breed",0
"brethren",0
"breton",0
"breynat",0
"bridg",0
"brief",0
"briefli",0
"brighten",0
"britan",0
"britannica",0
"britannick",0
"brittan",0
"brittanick",0
"brittannick",0
"broad",0
"brochet",0
"brockvill",0
"bronz",0
"brookbank",0
"bros",0
"brother",0
"brought",0
"bruce",0
"brunswick",0
"buckquaquet",0
"buffalo",0
"buggi",0
"built",0
"bulk",0
"bull",0
"bulmer",0
"bunt",0
"burden",0
"buri",0
"burial",0
"burlington",0
"burntwood",0
"burwel",0
"bush",0
"busi",0
"cabibonik",0
"cabibonikem",0
"cahgagewin",0
"cahgahkishins",0
"cahgogewin",0
"cain",0
"calam",0
"calcul",0
"calf",0
"calico",0
"calm",0
"came",0
"camp",0
"campaign",0
"campbel",0
"campfir",0
"campion",0
"canard",0
"cancel",0
"canda",0
"cano",0
"canoeist",0
"canotung",0
"cap",0
"capac",0
"cape",0
"capita",0
"capt",0
"captain",0
"cargo",0
"caribooeat",0
"caribou",0
"cariboux",0
"carlton",0
"carnard",0
"carpent",0
"carriag",0
"carrier",0
"cart",0
"castl",0
"castorum",0
"cat",0
"cataract",0
"catfish",0
"cathol",0
"cattlerais",0
"cauahhachapew",0
"caughnawaga",0
"ceas",0
"cedar",0
"celebr",0
"census",0
"cent",0
"centr",0
"central",0
"centuri",0
"cereal",0
"certif",0
"cession",0
"chacacha",0
"chaleur",0
"chamber",0
"champlain",0
"chanc",0
"chang",0
"channail",0
"channel",0
"chap",0
"chapeleau",0
"chapleau",0
"chapter",0
"charact",0
"character",0
"characterist",0
"charg",0
"chariti",0
"charl",0
"charter",0
"chatahouche",0
"chatelain",0
"chatham",0
"chaudir",0
"cheapen",0
"cheaper",0
"chechalk",0
"cheebican",0
"cheena",0
"cheepi",0
"cheer",0
"chekateyan",0
"chenail",0
"chenussio",0
"cheppewa",0
"cherish",0
"chest",0
"chibenaccadi",0
"chiginan",0
"chipeweigh",0
"chipewyan",0
"chippawaw",0
"chippeway",0
"chippeweigh",0
"chippewyan",0
"chipwa",0
"choic",0
"choos",0
"chosen",0
"christi",0
"christian",0
"church",0
"chute",0
"circumfer",0
"circumst",0
"citi",0
"clair",0
"clark",0
"class",0
"claus",0
"claw",0
"clean",0
"cleanli",0
"clerk",0
"clifford",0
"close",0
"cmg",0
"coal",0
"coaster",0
"coat",0
"cochran",0
"cockram",0
"coll",0
"collect",0
"collin",0
"coloni",0
"color",0
"colpoy",0
"columbia",0
"combin",0
"comfort",0
"comment",0
"commerc",0
"commerci",0
"commissari",0
"commod",0
"commodi",0
"common",0
"commonwealth",0
"communiti",0
"commut",0
"compact",0
"companion",0
"compar",0
"compel",0
"compet",0
"complaint",0
"compli",0
"complianc",0
"comprehend",0
"comr",0
"comrad",0
"conceal",0
"conced",0
"concern",0
"concess",0
"conclus",0
"concurr",0
"conduc",0
"confeder",0
"confid",0
"confin",0
"congeni",0
"congress",0
"conquer",0
"conquest",0
"conroy",0
"consequ",0
"consist",0
"conspicu",0
"constabl",0
"constant",0
"constatag",0
"constitut",0
"construct",0
"consult",0
"consum",0
"consumm",0
"content",0
"contigu",0
"contin",0
"contrari",0
"contribut",0
"contriv",0
"convent",0
"convers",0
"convert",0
"convoy",0
"cook",0
"cooper",0
"cope",0
"copetequayah",0
"coppermin",0
"cordial",0
"corn",0
"cornwal",0
"corp",0
"corpor",0
"correct",0
"correspond",0
"cosi",0
"cost",0
"cote",0
"couchich",0
"counsel",0
"counteract",0
"counti",0
"court",0
"crane",0
"crawford",0
"credit",0
"crew",0
"crime",0
"crimin",0
"crocker",0
"crook",0
"crosbi",0
"crosscut",0
"crossexamin",0
"crow",0
"crowd",0
"cumberland",0
"cure",0
"current",0
"currentrunningbothway",0
"curtail",0
"custom",0
"cut",0
"cypress",0
"daili",0
"dali",0
"danc",0
"danger",0
"daniel",0
"darlington",0
"daughter",0
"dauphin",0
"dawson",0
"daylight",0
"daystar",0
"dead",0
"deal",0
"dealt",0
"death",0
"debar",0
"deceas",0
"decis",0
"decreas",0
"deduct",0
"deep",0
"deepli",0
"defect",0
"defenc",0
"defer",0
"delawar",0
"delay",0
"delewar",0
"delight",0
"delin",0
"demarc",0
"demonstr",0
"deni",0
"denni",0
"depart",0
"department",0
"departur",0
"depend",0
"depi",0
"deplet",0
"deposit",0
"depot",0
"depriv",0
"deput",0
"deriv",0
"des",0
"descript",0
"desert",0
"deserterth",0
"deserv",0
"desol",0
"despatch",0
"destin",0
"destitut",0
"destroy",0
"destruct",0
"detail",0
"detain",0
"detroit",0
"develop",0
"devolv",0
"devot",0
"dewdney",0
"diagram",0
"dialect",0
"dick",0
"diem",0
"difficult",0
"dimens",0
"diminish",0
"diminut",0
"dind",0
"dinorw",0
"disabus",0
"disband",0
"discont",0
"discourag",0
"discov",0
"discoveri",0
"discret",0
"discuss",0
"diseas",0
"disinclin",0
"dismiss",0
"dispens",0
"dispers",0
"display",0
"displeasur",0
"disposit",0
"disput",0
"dissatisfact",0
"dissatisfi",0
"distant",0
"distinct",0
"distinguish",0
"distress",0
"disturb",0
"diver",0
"divid",0
"doctor",0
"document",0
"dog",0
"doghead",0
"dogrib",0
"doki",0
"domini",0
"dominico",0
"donald",0
"door",0
"dorchest",0
"doubt",0
"doubtless",0
"dougla",0
"dozen",0
"drain",0
"drawn",0
"drever",0
"drift",0
"drive",0
"drunken",0
"duck",0
"duncan",0
"dunda",0
"dunvegan",0
"duodecimo",0
"duplic",0
"durham",0
"dusk",0
"dwelt",0
"eabamet",0
"eager",0
"ear",0
"earl",0
"earli",0
"earlier",0
"earliest",0
"earn",0
"earnest",0
"eas",0
"easement",0
"eastward",0
"ecart",0
"edgar",0
"edmonton",0
"edward",0
"effect",0
"effectu",0
"effici",0
"effort",0
"eighteen",0
"eighteenth",0
"eighton",0
"eightseven",0
"eightychain",0
"eightyeight",0
"eightyf",0
"eightyfour",0
"eightynin",0
"eightyon",0
"eightyseven",0
"eightysix",0
"eightytwo",0
"either",0
"elbow",0
"elect",0
"electedmissabay",0
"eleventh",0
"elgin",0
"elizabeth",0
"ellic",0
"elm",0
"eloqu",0
"embarrass",0
"emblem",0
"emin",0
"emphas",0
"employ",0
"encamp",0
"enclos",0
"encroach",0
"endeavor",0
"endeavour",0
"endur",0
"enemi",0
"energet",0
"energi",0
"enfeof",0
"engin",0
"england",0
"enhanc",0
"enjoin",0
"enlarg",0
"enlighten",0
"enquir",0
"enquiri",0
"enrol",0
"enseal",0
"ensil",0
"enslav",0
"entail",0
"enterpris",0
"entertain",0
"enthusiasm",0
"entic",0
"entir",0
"entranc",0
"entrust",0
"enumer",0
"equal",0
"equip",0
"equit",0
"equival",0
"eqwan",0
"erad",0
"erron",0
"error",0
"esau",0
"escort",0
"escunnisep",0
"especi",0
"esqr",0
"esquimalt",0
"essenti",0
"establish",0
"eta",0
"etc",0
"etienn",0
"etobicok",0
"etoimaini",0
"etoimami",0
"ettc",0
"europ",0
"evelyn",0
"even",0
"everyth",0
"evid",0
"evidenc",0
"evil",0
"exagger",0
"exalt",0
"examin",0
"exchang",0
"excit",0
"exclud",0
"executor",0
"exempt",0
"exercis",0
"exert",0
"exhibit",0
"exist",0
"expedit",0
"expediti",0
"expend",0
"expenditur",0
"experi",0
"experienc",0
"expir",0
"explan",0
"explor",0
"expos",0
"expressli",0
"extern",0
"extinct",0
"extol",0
"extra",0
"extract",0
"eyr",0
"face",0
"facil",0
"facilit",0
"fact",0
"factor",0
"factori",0
"fafard",0
"fail",0
"fairford",0
"fallen",0
"fals",0
"familiar",0
"familiesin",0
"familiesreserv",0
"familiessuch",0
"famin",0
"farmer",0
"farquharson",0
"fawn",0
"fear",0
"feast",0
"feather",0
"februari",0
"fed",0
"feder",0
"fee",0
"feet",0
"fellow",0
"feloni",0
"felt",0
"femal",0
"ferguson",0
"ferri",0
"fidel",0
"field",0
"fift",0
"fifth",0
"fifthnamassin",0
"fiftyeight",0
"fiftyf",0
"fiftyfifth",0
"fiftyfour",0
"fiftyfourth",0
"fiftymil",0
"fiftyon",0
"fiftysix",0
"fiftythousand",0
"fiftythre",0
"fight",0
"figur",0
"fill",0
"financi",0
"fine",0
"finger",0
"finish",0
"fire",0
"firm",0
"firstment",0
"fisher",0
"fisheri",0
"fitzgerald",0
"fivewith",0
"flat",0
"flint",0
"florida",0
"flour",0
"flourish",0
"flow",0
"foll",0
"fond",0
"food",0
"foot",0
"forbid",0
"ford",0
"foreman",0
"forenoon",0
"foreshor",0
"forfeit",0
"forgiven",0
"forgo",0
"formal",0
"forthwith",0
"fortun",0
"fortyeight",0
"fortynin",0
"fortyninth",0
"fortysix",0
"fortythre",0
"fortytwo",0
"forward",0
"fourpenc",0
"fourteen",0
"fourteenth",0
"fowl",0
"fox",0
"franci",0
"francisand",0
"francoi",0
"frank",0
"franoi",0
"fraud",0
"fraught",0
"frederick",0
"freehold",0
"frenchman",0
"frere",0
"friday",0
"friend",0
"friendli",0
"friendship",0
"fring",0
"fro",0
"front",0
"frontag",0
"frontenac",0
"frozen",0
"frres",0
"fruit",0
"fuca",0
"fuel",0
"fugit",0
"function",0
"fund",0
"fur",0
"furbear",0
"gabriel",0
"garden",0
"garri",0
"garrioch",0
"garrison",0
"gather",0
"gave",0
"generos",0
"generous",0
"genese",0
"genl",0
"gentlemen",0
"geo",0
"georgia",0
"georgii",0
"georgina",0
"gibson",0
"giroux",0
"givin",0
"glad",0
"gladwin",0
"glanc",0
"gloucest",0
"goe",0
"golden",0
"goldi",0
"goodwil",0
"goodwin",0
"gordon",0
"gore",0
"govr",0
"grade",0
"grain",0
"gras",0
"grasp",0
"grass",0
"grate",0
"gratifi",0
"gratitud",0
"gratuiti",0
"grave",0
"greater",0
"greed",0
"grenada",0
"grenadin",0
"grew",0
"grey",0
"grievanc",0
"grindston",0
"grondin",0
"gros",0
"gross",0
"groundless",0
"group",0
"guarante",0
"guard",0
"guardian",0
"guid",0
"gulf",0
"gull",0
"gulli",0
"gulph",0
"gunter",0
"guy",0
"habit",0
"habitat",0
"habour",0
"hach",0
"hadley",0
"haileyburi",0
"haldimand",0
"half",0
"halfbre",0
"halfpast",0
"haliburton",0
"halifax",0
"hamilton",0
"handmil",0
"handsom",0
"happen",0
"har",0
"harbour",0
"hard",0
"hardship",0
"hare",0
"harmoni",0
"harri",0
"harrow",0
"hast",0
"hatchet",0
"hay",0
"hayland",0
"hazard",0
"headman",0
"headquart",0
"headwat",0
"health",0
"hear",0
"heart",0
"heartili",0
"heaven",0
"heavi",0
"height",0
"heightofland",0
"help",0
"henceforth",0
"henri",0
"herbert",0
"hereinabov",0
"heron",0
"hesit",0
"hess",0
"heywood",0
"hickori",0
"hierarchi",0
"high",0
"higher",0
"hillock",0
"himthi",0
"hindranc",0
"hitherto",0
"hoe",0
"hog",0
"hole",0
"holland",0
"holm",0
"hon",0
"hook",0
"hopson",0
"hors",0
"horsepow",0
"hospit",0
"hostag",0
"hostil",0
"hour",0
"houseboat",0
"howard",0
"humbl",0
"hunter",0
"hurri",0
"hymn",0
"ice",0
"idea",0
"ideal",0
"idem",0
"ident",0
"idl",0
"idowekesi",0
"ill",0
"illdispos",0
"imaginari",0
"impedi",0
"imperfect",0
"implement",0
"impolit",0
"impos",0
"imposit",0
"imposs",0
"impoverish",0
"impow",0
"impress",0
"inaccess",0
"inadvert",0
"inasmuch",0
"incid",0
"inclement",0
"inclin",0
"inclus",0
"inconsider",0
"inconsist",0
"incorpor",0
"incumbr",0
"incur",0
"inde",0
"indemnifi",0
"indetermin",0
"indiand",0
"indig",0
"indirect",0
"indisposit",0
"indulg",0
"industri",0
"infer",0
"influenti",0
"inherit",0
"initi",0
"injur",0
"injuri",0
"inland",0
"inlet",0
"innenew",0
"innumer",0
"insert",0
"insist",0
"instanc",0
"instant",0
"instead",0
"institut",0
"insult",0
"intellect",0
"intellig",0
"intent",0
"interchang",0
"intercours",0
"interf",0
"intern",0
"interprovinci",0
"interrupt",0
"interv",0
"interven",0
"interview",0
"intim",0
"intitul",0
"intox",0
"invalid",0
"inventori",0
"invest",0
"investig",0
"invidi",0
"inviol",0
"invit",0
"involv",0
"inward",0
"iron",0
"ironsid",0
"ironwood",0
"irregular",0
"irrespect",0
"irrevoc",0
"isaac",0
"iserhoff",0
"ishkaqua",0
"isl",0
"islet",0
"isol",0
"item",0
"itmi",0
"iuinway",0
"jabez",0
"jackhead",0
"jacob",0
"jaj",0
"jame",0
"jamess",0
"januari",0
"jarvai",0
"jaspar",0
"jealous",0
"jealousi",0
"jean",0
"jeremiah",0
"jerri",0
"jesus",0
"job",0
"joe",0
"johnson",0
"johnstown",0
"join",0
"jone",0
"juan",0
"judg",0
"judicatur",0
"judici",0
"jurisdict",0
"justifi",0
"kabratsiwaybiyeb",0
"kageshewawetung",0
"kahnahwahkeeweenin",0
"kakeenawup",0
"kakekapenai",0
"kakekijick",0
"kakiiwistahaw",0
"kakishiway",0
"kamenjonweney",0
"kanacatoos",0
"kaneonuskatew",0
"kanestio",0
"kaquaquakechewaig",0
"kaqueticum",0
"katchang",0
"kautabus",0
"kawahkitahquebi",0
"kawey",0
"kawwahkitahqubi",0
"keen",0
"keep",0
"keeshkewanbik",0
"keewatin",0
"kempenfelt",0
"kenneth",0
"kenogami",0
"kenonec",0
"kenora",0
"keokous",0
"kerebesquashes",0
"ketchegam",0
"kettl",0
"keweetahquunnayash",0
"kewetayash",0
"kig",0
"kiisicawahchuck",0
"kiminitiquia",0
"kinaybicoinini",0
"kincardin",0
"kindest",0
"kingston",0
"kinosayo",0
"kitchepossigyn",0
"kitchesagi",0
"kitchi",0
"kiwaish",0
"klock",0
"knagg",0
"knew",0
"knowledg",0
"kotanch",0
"kouss",0
"kuskeetewmuscoomusqua",0
"labour",0
"labrador",0
"lac",0
"lack",0
"lacomb",0
"laden",0
"ladi",0
"laflech",0
"lagoon",0
"lahav",0
"laid",0
"laird",0
"lamabinicon",0
"largest",0
"lastment",0
"latchford",0
"later",0
"latitud",0
"latter",0
"laurent",0
"lawmak",0
"lawrenc",0
"leader",0
"leagu",0
"learn",0
"leas",0
"lebrecqu",0
"led",0
"leech",0
"legal",0
"legisl",0
"length",0
"les",0
"lesser",0
"lessey",0
"lestock",0
"let",0
"letter",0
"liard",0
"liber",0
"liberti",0
"licenc",0
"lien",0
"lieut",0
"lieuten",0
"lieutenantgovernor",0
"light",0
"likewis",0
"lime",0
"limitsal",0
"lincoln",0
"link",0
"liquor",0
"liskeard",0
"list",0
"listen",0
"litani",0
"livelihood",0
"locat",0
"loch",0
"lockhart",0
"lockheart",0
"lodg",0
"lofti",0
"log",0
"longer",0
"longitud",0
"longueil",0
"look",0
"lookedfor",0
"lordship",0
"lorett",0
"loron",0
"loser",0
"loss",0
"lot",0
"lothrop",0
"loucheux",0
"loud",0
"loui",0
"louisbourg",0
"love",0
"low",0
"lower",0
"loyalti",0
"lth",0
"lucki",0
"lucrat",0
"luke",0
"lunenbourg",0
"lunenburg",0
"lyon",0
"macdonald",0
"machin",0
"mack",0
"macleod",0
"macmartin",0
"macnamara",0
"macra",0
"madelain",0
"maganetawang",0
"magisteri",0
"magna",0
"magnific",0
"magousseihigan",0
"mailcarri",0
"main",0
"mainland",0
"mainten",0
"mair",0
"maishequonggai",0
"maisquaso",0
"majti",0
"malcolm",0
"malcom",0
"male",0
"manag",0
"manatoulin",0
"manifest",0
"manitonob",0
"manitonobi",0
"manitoulin",0
"manitowan",0
"manitshains",0
"mantiwan",0
"manufactur",0
"map",0
"mapl",0
"maquamiss",0
"march",0
"margin",0
"mari",0
"marlborough",0
"marten",0
"martin",0
"masahkeeyash",0
"mashekyash",0
"maskigonc",0
"maskinong",0
"mass",0
"massachusett",0
"master",0
"masteri",0
"matachewan",0
"match",0
"matcheda",0
"matchedash",0
"materi",0
"mattagami",0
"mattawa",0
"matthey",0
"mattotow",0
"mauripa",0
"mayb",0
"mayest",0
"mayn",0
"mccaig",0
"mccool",0
"mccrimmon",0
"mcdermot",0
"mcdonald",0
"mcdougal",0
"mcfadden",0
"mckay",0
"mckenna",0
"mckenzi",0
"mclean",0
"mcleod",0
"mcmurray",0
"mcphee",0
"mcpherson",0
"meant",0
"meantim",0
"measur",0
"mechan",0
"mediat",0
"medic",0
"medicin",0
"medit",0
"meemay",0
"meganumb",0
"meindl",0
"meki",0
"memorandum",0
"mentionedth",0
"merchand",0
"merchandis",0
"mere",0
"meridian",0
"messag",0
"messeng",0
"messesagey",0
"messieur",0
"messisagu",0
"messissagu",0
"messr",0
"metagami",0
"metal",0
"method",0
"methodist",0
"metigomin",0
"metwichewin",0
"mexico",0
"meynominey",0
"miami",0
"michel",0
"michigan",0
"michilimacinac",0
"michilimainac",0
"michilimakinak",0
"michipicoten",0
"michipicoton",0
"mick",0
"middl",0
"midland",0
"midst",0
"migrat",0
"militari",0
"mill",0
"miller",0
"milligan",0
"minahequosi",0
"mind",0
"mine",0
"miner",0
"mingl",0
"ministr",0
"minor",0
"minut",0
"minwapapenass",0
"mir",0
"misadventur",0
"misconcept",0
"misdemeanour",0
"mishemuckqua",0
"mishequanga",0
"mishequonga",0
"mishimuckqua",0
"mishoquet",0
"mishoquetto",0
"miskookenew",0
"mispris",0
"misquuckkey",0
"miss",0
"missabay",0
"missinaibi",0
"mission",0
"missionari",0
"missisaga",0
"missisagua",0
"mississaga",0
"mississagu",0
"mississagua",0
"mississauga",0
"mississippi",0
"mistawasi",0
"misunderstand",0
"mix",0
"mode",0
"moder",0
"moisan",0
"mokeetchiwan",0
"moment",0
"monday",0
"monopol",0
"monopoli",0
"monsieur",0
"montizambert",0
"monument",0
"moonia",0
"moos",0
"moosone",0
"morleyvill",0
"morn",0
"morri",0
"morrow",0
"mother",0
"motiv",0
"mottotow",0
"mount",0
"mountain",0
"mowat",0
"mower",0
"mowingmachin",0
"mshikinaibik",0
"muckata",0
"muckatamishaquet",0
"mud",0
"mukatwokijigo",0
"murder",0
"muskoka",0
"musquaki",0
"must",0
"nacawagan",0
"naganseway",0
"nahkeequannayyash",0
"nahweekeesickquahyash",0
"naibenessem",0
"naishconteong",0
"naiwaudaigezhik",0
"namassin",0
"nanaughkawestrawr",0
"nanawananaw",0
"nannibosur",0
"naoquagabo",0
"nashakepenai",0
"nathaniel",0
"nativ",0
"nattoton",0
"natur",0
"naudgewaek",0
"navi",0
"navig",0
"nawacamigo",0
"nawakeshecom",0
"nawash",0
"ndli",0
"neac",0
"nebenaigoch",0
"necess",0
"necessarysuch",0
"neck",0
"negig",0
"neglect",0
"negou",0
"negro",0
"neighbor",0
"neighbour",0
"neighbourhood",0
"neither",0
"nekickshegesh",0
"nelson",0
"nepean",0
"nepigon",0
"ness",0
"nessinassung",0
"nevertheless",0
"newatchkigigswab",0
"newfoundland",0
"newli",0
"nextand",0
"niagara",0
"nibinowinin",0
"niboirinin",0
"nichola",0
"nigh",0
"night",0
"niham",0
"nineteen",0
"nineteenth",0
"nineti",0
"ninetyeight",0
"ninetyf",0
"ninetyfour",0
"ninetynin",0
"ninetyon",0
"ninetyseven",0
"ninetysix",0
"ninetythre",0
"nipigon",0
"nipiss",0
"nochemowena",0
"nomin",0
"nonalien",0
"noncommiss",0
"none",0
"noninterfer",0
"nonpluss",0
"nontreati",0
"noon",0
"norbert",0
"norman",0
"norridgwolk",0
"northeastern",0
"northernmost",0
"northumberland",0
"northwestern",0
"norway",0
"nos",0
"note",0
"noth",0
"notic",0
"notion",0
"nottawaysagu",0
"nottoway",0
"notwithstand",0
"nourish",0
"nov",0
"nowher",0
"numer",0
"nun",0
"nwt",0
"oak",0
"oat",0
"obedi",0
"obey",0
"object",0
"objection",0
"oblat",0
"obligatori",0
"oblivion",0
"obstin",0
"obstruct",0
"occas",0
"occasion",0
"occup",0
"occur",0
"ocean",0
"ocheek",0
"oclock",0
"odd",0
"offenc",0
"offend",0
"offer",0
"offset",0
"offshoot",0
"ofour",0
"often",0
"ogawaminang",0
"oil",0
"ojibbeway",0
"ojibewa",0
"ojibeway",0
"ojibway",0
"okemahb",0
"okemapen",0
"okemapeness",0
"okickandawt",0
"older",0
"oliv",0
"omakess",0
"omi",0
"onasburg",0
"onehalf",0
"onequart",0
"oner",0
"oningegun",0
"onnusseraqueta",0
"ont",0
"ooskinegisk",0
"oozawekwun",0
"oper",0
"opetequoyaws",0
"opetiguoyaws",0
"opportun",0
"oppos",0
"option",0
"oratori",0
"ordain",0
"ordin",0
"ordinarili",0
"ore",0
"organ",0
"origin",0
"orphan",0
"osawip",0
"osenego",0
"osnaburg",0
"ostama",0
"ostrand",0
"oswego",0
"otter",0
"outlook",0
"outpost",0
"outrag",0
"outsid",0
"oven",0
"overland",0
"overlook",0
"overtaken",0
"owner",0
"oxen",0
"oxford",0
"pacif",0
"pacquet",0
"paddl",0
"page",0
"pagitaniquatoib",0
"pahtosh",0
"paimoquonaishgung",0
"pain",0
"paint",0
"pakeitchewans",0
"pakquan",0
"pamequonaishcung",0
"pamequonaisheug",0
"panaissi",0
"pani",0
"papasains",0
"papaway",0
"paper",0
"papewaun",0
"paqwatchinini",0
"paragraph",0
"paragrapha",0
"pardon",0
"parent",0
"pari",0
"parish",0
"park",0
"parkinson",0
"parliament",0
"parri",0
"parsonag",0
"partridg",0
"pascal",0
"passag",0
"patent",0
"patequan",0
"patern",0
"path",0
"patienc",0
"patricia",0
"patterson",0
"paukumjeesenaneseepe",0
"paul",0
"pawbetang",0
"pawiss",0
"payenanassin",0
"payentanassin",0
"paylist",0
"peaceabl",0
"peandechat",0
"peapamaw",0
"peasanish",0
"peculiar",0
"pecuniarili",0
"pedlar",0
"pedley",0
"peeketay",0
"peetawtick",0
"peewahrooweenin",0
"peigan",0
"pelham",0
"pelli",0
"pember",0
"pemekunawassigai",0
"pemuseh",0
"penatouch",0
"penebewabecong",0
"penessiwagum",0
"penetangueshin",0
"penetanguishin",0
"penetangushen",0
"penetangushin",0
"penetr",0
"peninsula",0
"penobscot",0
"pentchartain",0
"pepper",0
"peppercorn",0
"peregrin",0
"perfect",0
"perhap",0
"perman",0
"permit",0
"personnel",0
"perth",0
"pestil",0
"peter",0
"peterborough",0
"petit",0
"phthisi",0
"physic",0
"physician",0
"pic",0
"piegan",0
"pigeon",0
"pile",0
"pin",0
"pine",0
"pinins",0
"pink",0
"pipeston",0
"pisequinip",0
"pishikins",0
"pisqua",0
"pissin",0
"pither",0
"piti",0
"pitsaw",0
"pitt",0
"plain",0
"plantat",0
"pleasant",0
"pleasur",0
"pledg",0
"plenti",0
"plong",0
"plot",0
"plough",0
"plunder",0
"pokquawr",0
"pole",0
"polic",0
"polici",0
"polit",0
"politician",0
"pondiac",0
"ponekeosh",0
"poor",0
"poplar",0
"popul",0
"porcupin",0
"port",0
"possessor",0
"postmark",0
"postpon",0
"potakquan",0
"potato",0
"pott",0
"pottawatami",0
"pottowatomi",0
"pouana",0
"poverti",0
"powder",0
"power",0
"powtawatami",0
"practic",0
"prairi",0
"pratt",0
"pray",0
"prayer",0
"preced",0
"precious",0
"prejud",0
"prejudic",0
"preliminari",0
"presbyteri",0
"prescrib",0
"press",0
"presum",0
"prevail",0
"prevent",0
"previous",0
"priest",0
"princ",0
"principl",0
"print",0
"prior",0
"prison",0
"privat",0
"pro",0
"procedur",0
"proclam",0
"procur",0
"product",0
"profess",0
"profound",0
"programm",0
"progress",0
"project",0
"promin",0
"promot",0
"pronounc",0
"proof",0
"proposit",0
"proprietari",0
"prospect",0
"prosper",0
"proud",0
"prove",0
"provench",0
"provinci",0
"proviso",0
"provost",0
"puan",0
"publick",0
"publish",0
"punctual",0
"punininc",0
"pupil",0
"purcheas",0
"pursu",0
"pursuit",0
"puscoo",0
"push",0
"putt",0
"qacloch",0
"quaikeegon",0
"qualiti",0
"quantiti",0
"quappell",0
"quarterpast",0
"quatchequan",0
"quekijick",0
"quenepenon",0
"quick",0
"quiet",0
"quill",0
"quilland",0
"quint",0
"quinz",0
"quise",0
"quit",0
"quitrent",0
"quot",0
"rabbit",0
"rae",0
"rain",0
"raini",0
"rainstorm",0
"rais",0
"rama",0
"ramsden",0
"ranch",0
"rang",0
"ranger",0
"rank",0
"rankin",0
"rare",0
"rata",0
"rate",0
"rather",0
"ratif",0
"ravin",0
"rawdon",0
"rdli",0
"readi",0
"readili",0
"real",0
"realiz",0
"realm",0
"reap",0
"reaper",0
"rear",0
"reassembl",0
"recent",0
"recept",0
"recess",0
"recit",0
"recogn",0
"recompens",0
"recours",0
"rectangl",0
"redeem",0
"redress",0
"reduc",0
"reduct",0
"reestablish",0
"refug",0
"refus",0
"regard",0
"regi",0
"regiment",0
"regina",0
"region",0
"regist",0
"regni",0
"regret",0
"reid",0
"rein",0
"reiter",0
"relat",0
"reli",0
"relianc",0
"relief",0
"reliev",0
"religi",0
"religion",0
"relinquish",0
"remark",0
"rememb",0
"remitt",0
"remonstr",0
"remot",0
"remov",0
"remuner",0
"rendezv",0
"renew",0
"renfrew",0
"renunci",0
"repair",0
"repeat",0
"replac",0
"repli",0
"repos",0
"represent",0
"requisit",0
"resembl",0
"residu",0
"resolut",0
"resort",0
"resourc",0
"respectmi",0
"restitut",0
"restrict",0
"result",0
"resum",0
"retain",0
"retroact",0
"rev",0
"reveng",0
"revenu",0
"rever",0
"reverend",0
"revillon",0
"revis",0
"reward",0
"rice",0
"richard",0
"ride",0
"ridg",0
"rifl",0
"righteous",0
"rise",0
"rivir",0
"robberi",0
"robert",0
"robillard",0
"robinson",0
"robinsonsuperior",0
"rock",0
"rocki",0
"roman",0
"rong",0
"room",0
"roseau",0
"rosier",0
"ross",0
"rough",0
"rout",0
"row",0
"rsc",0
"ruin",0
"rule",0
"rundl",0
"russeau",0
"saanich",0
"sachigo",0
"sacr",0
"sacrif",0
"sae",0
"safe",0
"safeguard",0
"saganash",0
"sagawsouai",0
"sagetch",0
"sagu",0
"sai",0
"sailboat",0
"saint",0
"sake",0
"saki",0
"salari",0
"salteaux",0
"salvag",0
"samuel",0
"sanction",0
"sand",0
"sandi",0
"sandwich",0
"sang",0
"sanguaarum",0
"sapplic",0
"sarce",0
"satisfactori",0
"saturday",0
"saugeen",0
"sauk",0
"saukin",0
"saulteaux",0
"saw",0
"sawainchik",0
"scale",0
"scarc",0
"scatter",0
"schedul",0
"schloster",0
"schoolhous",0
"schooner",0
"scott",0
"scrip",0
"scrofula",0
"scugog",0
"scyth",0
"seam",0
"search",0
"seat",0
"sec",0
"secretari",0
"seed",0
"seedgrain",0
"seek",0
"seen",0
"seiz",0
"selfsupport",0
"seneca",0
"senior",0
"sens",0
"sentenc",0
"sentiment",0
"separ",0
"seri",0
"serpent",0
"serv",0
"servant",0
"servic",0
"sett",0
"settler",0
"seul",0
"seventeenth",0
"seventi",0
"seventyeight",0
"seventyf",0
"seventyfour",0
"seventyon",0
"seventyseven",0
"seventythre",0
"seventytwo",0
"severalti",0
"severn",0
"seybold",0
"sgd",0
"shabokishick",0
"shaioukima",0
"shallow",0
"share",0
"shashawinibisi",0
"shawandai",0
"shawanes",0
"shawanipiniss",0
"shawenakeshick",0
"shawenakishick",0
"shawnes",0
"shawonebin",0
"shebawenan",0
"shebesh",0
"shed",0
"sheet",0
"shelageshick",0
"shell",0
"shemeket",0
"shenaoquom",0
"shenetahguw",0
"sherlock",0
"shewitagan",0
"shinguacous",0
"ship",0
"shipwreck",0
"shoal",0
"short",0
"shot",0
"sicama",0
"sick",0
"sifton",0
"signifi",0
"silver",0
"simco",0
"simon",0
"simpl",0
"simpli",0
"simpsonand",0
"sinc",0
"sinclair",0
"sing",0
"singl",0
"sinuos",0
"sirw",0
"sister",0
"sit",0
"site",0
"sixmil",0
"sixpenc",0
"sixteenth",0
"sixtieth",0
"sixtychain",0
"sixtyeight",0
"sixtyfour",0
"sixtynin",0
"sixtyon",0
"sixtysix",0
"sixtythre",0
"sixtytwo",0
"size",0
"sketch",0
"skil",0
"skill",0
"skin",0
"skunk",0
"slave",0
"slight",0
"slow",0
"smallpox",0
"smith",0
"smoke",0
"snake",0
"snow",0
"snyder",0
"socal",0
"societi",0
"solicit",0
"solicitor",0
"solitud",0
"sombra",0
"someon",0
"someth",0
"sometim",0
"somewhat",0
"sooner",0
"sot",0
"sought",0
"soul",0
"souri",0
"sousonc",0
"sousons",0
"southeastern",0
"southeastward",0
"southforti",0
"southward",0
"southwestern",0
"southwesternmost",0
"southwestward",0
"souwarraghijojiana",0
"sovereignti",0
"sow",0
"spade",0
"spanish",0
"speak",0
"specifi",0
"speech",0
"speechmak",0
"speed",0
"speedi",0
"spend",0
"spent",0
"spirit",0
"splendid",0
"split",0
"spoke",0
"spoken",0
"spokesman",0
"sport",0
"sportsmen",0
"spot",0
"spragg",0
"spread",0
"squirrel",0
"stabil",0
"staff",0
"staid",0
"stake",0
"stalwart",0
"stand",0
"stanley",0
"statement",0
"station",0
"statu",0
"statur",0
"statut",0
"statutori",0
"stay",0
"ste",0
"stead",0
"steamer",0
"step",0
"sterl",0
"stewart",0
"still",0
"stli",0
"stock",0
"stockrais",0
"stone",0
"stoni",0
"stop",0
"store",0
"storey",0
"stori",0
"storm",0
"stormbound",0
"stormi",0
"stoughton",0
"straggler",0
"street",0
"streight",0
"strength",0
"stress",0
"stretch",0
"strip",0
"strong",0
"stroud",0
"struck",0
"sturgeon",0
"style",0
"subaltern",0
"subscript",0
"subsequ",0
"subsidi",0
"subsist",0
"success",0
"sucker",0
"sudburi",0
"sue",0
"suffer",0
"suffic",0
"suggest",0
"suicid",0
"summari",0
"summit",0
"summon",0
"sunday",0
"sundri",0
"superintendentgener",0
"superior",0
"supplementari",0
"support",0
"suppos",0
"supt",0
"sure",0
"surpris",0
"surround",0
"susquehana",0
"sustain",0
"swain",0
"swamp",0
"swampi",0
"swan",0
"swift",0
"syllab",0
"sympathi",0
"system",0
"tabandan",0
"tabeau",0
"tabendau",0
"tach",0
"taciturn",0
"tact",0
"tagawinini",0
"taibosegai",0
"tail",0
"talbot",0
"talk",0
"tapastanum",0
"taquahtagama",0
"tarsatur",0
"task",0
"tatnam",0
"tax",0
"taxat",0
"taylor",0
"teacher",0
"team",0
"tecumagawsi",0
"teechamitsa",0
"teepe",0
"telegraph",0
"tell",0
"temagami",0
"tempor",0
"tend",0
"tenement",0
"tenor",0
"tenth",0
"teppais",0
"termin",0
"testifi",0
"testimoni",0
"thank",0
"thee",0
"thenceforth",0
"thereofand",0
"thereout",0
"thereunto",0
"therewith",0
"thessalon",0
"thick",0
"thickfoot",0
"thirdkitcheposkissegan",0
"thirteen",0
"thirtieth",0
"thirtyeight",0
"thirtyeighth",0
"thirtyfirst",0
"thirtyfour",0
"thirtyseventh",0
"thirtythre",0
"thirtytwo",0
"thli",0
"tho",0
"thoma",0
"thorough",0
"thou",0
"though",0
"threequart",0
"threw",0
"thro",0
"thrown",0
"thursday",0
"thus",0
"tide",0
"tie",0
"till",0
"timiskam",0
"tire",0
"toaccompani",0
"tobacco",0
"tobago",0
"token",0
"told",0
"tom",0
"tongu",0
"took",0
"tool",0
"toronto",0
"tot",0
"totomenci",0
"totominai",0
"touch",0
"touchwood",0
"toward",0
"track",0
"tractor",0
"trader",0
"tradit",0
"traffic",0
"traffick",0
"trail",0
"train",0
"tranquil",0
"transcontinent",0
"translat",0
"transmit",0
"transmittedand",0
"transport",0
"trapper",0
"travers",0
"treacheri",0
"treason",0
"tremayn",0
"trend",0
"trent",0
"trespass",0
"tri",0
"trial",0
"trifl",0
"trip",0
"tripmen",0
"troop",0
"truck",0
"truckhous",0
"trudel",0
"true",0
"trunk",0
"tuesday",0
"tuli",0
"tummago",0
"turbul",0
"turquetil",0
"turtl",0
"twelfh",0
"twelfth",0
"twentieth",0
"twentychain",0
"twentyeight",0
"twentyfifth",0
"twentyfirst",0
"twentyfour",0
"twentyfourth",0
"twentymil",0
"twentyninth",0
"twentysecond",0
"twentyseventh",0
"twentysix",0
"twentysixth",0
"twentythird",0
"twentythre",0
"twothird",0
"ultimo",0
"unabl",0
"unacquaint",0
"unanim",0
"unavoid",0
"unced",0
"uncertainti",0
"unconced",0
"uncultiv",0
"undealt",0
"understand",0
"undertaken",0
"underwood",0
"underwritten",0
"undispos",0
"undoubt",0
"undu",0
"unfavour",0
"unforeseen",0
"unfortun",0
"unhesit",0
"unimport",0
"uniqu",0
"unmolest",0
"unnam",0
"unnecessari",0
"unoccupi",0
"unproduct",0
"unpurchas",0
"unreason",0
"unsatisfactori",0
"unsettl",0
"unsurvey",0
"untir",0
"untrain",0
"untrammel",0
"untri",0
"untru",0
"unusu",0
"unwilling",0
"unwis",0
"upward",0
"urg",0
"uriah",0
"util",0
"utmost",0
"utrecht",0
"utter",0
"vaccin",0
"valid",0
"valley",0
"vanass",0
"vancouv",0
"vari",0
"vast",0
"vaughan",0
"vermilion",0
"vessel",0
"vest",0
"via",0
"vic",0
"vice",0
"vicin",0
"victor",0
"victoria",0
"vigor",0
"vincent",0
"violent",0
"virtu",0
"visit",0
"viz",0
"vizt",0
"voic",0
"void",0
"volum",0
"volunt",0
"voluntari",0
"wabakagego",0
"wabakanynem",0
"wabakeek",0
"wabakekik",0
"wabakyn",0
"wabaninshop",0
"wabanip",0
"wabaniship",0
"wabasek",0
"wabasekb",0
"wabekenens",0
"wabenos",0
"wabiscow",0
"wagemak",0
"wagemaki",0
"waggon",0
"wahpiimoosetoosii",0
"wait",0
"wakowush",0
"walk",0
"walsh",0
"walter",0
"wampum",0
"wanabekineyunnung",0
"wanabeyakokaun",0
"wanabitasek",0
"wanabitib",0
"wanipan",0
"wapamanischigun",0
"wapang",0
"wapeanojhqua",0
"wapiscow",0
"wapissejunkissycawpowa",0
"waquacomick",0
"ward",0
"ware",0
"warpela",0
"warrant",0
"wasaques",0
"washauwenega",0
"washquart",0
"wast",0
"waswanay",0
"watachewana",0
"watercours",0
"waterhen",0
"waterpow",0
"watersh",0
"waukauosay",0
"wavakanyn",0
"wawaashkung",0
"wawanosh",0
"wawiattin",0
"weak",0
"wealth",0
"weather",0
"wednesday",0
"week",0
"weggishigomin",0
"weghqueta",0
"weguaimekong",0
"weigh",0
"weight",0
"wekemow",0
"welcom",0
"welfar",0
"weller",0
"wemyss",0
"went",0
"wesley",0
"wheat",0
"whenc",0
"wherein",0
"wheresoev",0
"whilst",0
"whippoorwil",0
"whit",0
"whitefish",0
"whitehead",0
"wholli",0
"width",0
"wife",0
"wil",0
"wild",0
"williard",0
"willing",0
"willow",0
"winchest",0
"windawtegawinini",0
"windawtegowinini",0
"windigo",0
"windmil",0
"windstorm",0
"winisk",0
"winnepegosi",0
"winnipeg",0
"winnipegoosi",0
"winnipegosi",0
"winter",0
"wisdom",0
"wise",0
"withal",0
"withdraw",0
"witnessth",0
"woman",0
"women",0
"won",0
"woodhous",0
"woodi",0
"workshop",0
"world",0
"worthi",0
"wrigley",0
"write",0
"wunnumin",0
"wwbekekik",0
"wyandot",0
"xavier",0
"yard",0
"yellow",0
"yellowkn",0
"yes",0
"yesno",0
"yoke",0
"young",0
"yukon",0
"zeal",0
"zealous",0
"zest",0
"squar",-0.00308211290969545
"troubl",-0.0272741970758118
"gracious",-0.0423804819996048
"boundari",-0.0426173068480868
"wester",-0.0524929539767851
"written",-0.0532399309744795
"perpetu",-0.0567190521628624
"along",-0.0585746372464015
"loyal",-0.0593730203344068
"indentur",-0.0819142335724462
"appoint",-0.0943790525130021
"distribut",-0.0986380750637027
"sum",-0.10806608249474
"breadth",-0.108836372225733
"bound",-0.110245922067383
"upper",-0.121347899302836
"river",-0.125532217550481
"money",-0.132462984266638
"accord",-0.145548650654526
"cours",-0.147717408576329
"estim",-0.16745052643929
"northern",-0.183193652252325
"north",-0.191981271426886
"alreadi",-0.192903524446813
"full",-0.19604029548576
"remain",-0.197440231831523
"conveni",-0.201166415500359
"respect",-0.226708067535722
"deliveri",-0.226938038606688
"man",-0.227285619186676
"asid",-0.251917863869844
"duli",-0.252426591587243
"appeal",-0.252629228746874
"past",-0.257520690482472
"describ",-0.27866243423688
"deem",-0.294694792824142
"late",-0.300263673773134
"stipul",-0.314462467676694
"indic",-0.32101480532135
"agreement",-0.340748075001004
"civil",-0.356684190477724
"english",-0.369475069246417
"head",-0.377466086071768
"next",-0.390889186846928
"assur",-0.396025197426878
"chippewa",-0.409550402185217
"among",-0.422201200128922
"divis",-0.434973980128644
"interfer",-0.439662192642247
"whether",-0.446882421216994
"montreal",-0.44755546082597
"south",-0.447931172964837
"never",-0.461521159372354
"otherwis",-0.463606129470523
"crown",-0.473707977350143
"huron",-0.477393016169167
"wherea",-0.483796011214095
"handsaw",-0.517178763940597
"hereof",-0.546161817962159
"now",-0.550682159104092
"line",-0.552031407330104
"straight",-0.572340837830086
"entitl",-0.577179042096256
"time",-0.587322577881911
"assum",-0.587479366227212
"angl",-0.588641351464429
"other",-0.630690436155992
"abid",-0.637689429706073
"mark",-0.638615246046749
"produc",-0.64452514433734
"june",-0.647746593716376
"larg",-0.657068074754765
"like",-0.670594777649783
"name",-0.704464067872856
"valu",-0.724448752066525
"interpret",-0.763604697992009
"limit",-0.77140420170966
"recommend",-0.785020849688106
"desir",-0.806163537689333
"heard",-0.806373451088776
"lake",-0.815534645875008
"live",-0.816580807648572
"form",-0.836346920744791
"cover",-0.845943905074746
"enjoy",-0.848988625898581
"similar",-0.851149464689709
"anoth",-0.853294381028662
"follow",-0.862116829086772
"releas",-0.864515624654279
"togeth",-0.867175746740544
"work",-0.867946182702498
"rapid",-0.881999913170216
"transfer",-0.890567947463812
"undersign",-0.890761832213568
"everi",-0.89243478164371
"proper",-0.900017595000786
"affair",-0.904270187675659
"cloth",-0.911232776779058
"month",-0.912762812032127
"witnesseth",-0.915839755504774
"includ",-0.919344525241751
"right",-0.923467285788426
"post",-0.92505812007377
"view",-0.925955373578901
"fish",-0.930019669786883
"near",-0.933863051797025
"wind",-0.938734521084557
"bank",-0.946953568889315
"pursuant",-0.947211566643799
"mouth",-0.94969163704148
"show",-0.951178404160705
"soil",-0.951557333886139
"fork",-0.964299709098017
"thereto",-0.966736942102492
"occupi",-0.974317979236303
"southern",-0.975874098242491
"forc",-0.983260207747153
"secur",-0.984627782981287
"back",-0.988099819688865
"encount",-1.00025009378908
"accur",-1.00025009378908
"amount",-1.00025009378908
"annual",-1.00025009378908
"concur",-1.00025009378908
"david",-1.00025009378908
"declar",-1.00025009378908
"design",-1.00025009378908
"embodi",-1.00025009378908
"embrac",-1.00025009378908
"emperor",-1.00025009378908
"enforc",-1.00025009378908
"fortyf",-1.00025009378908
"frontier",-1.00025009378908
"grante",-1.00025009378908
"heretofor",-1.00025009378908
"india",-1.00025009378908
"influenc",-1.00025009378908
"medal",-1.00025009378908
"need",-1.00025009378908
"ninetytwo",-1.00025009378908
"particular",-1.00025009378908
"per",-1.00025009378908
"plant",-1.00025009378908
"quarter",-1.00025009378908
"ratifi",-1.00025009378908
"round",-1.00025009378908
"sachem",-1.00025009378908
"sixteen",-1.00025009378908
"sixth",-1.00025009378908
"therefrom",-1.00025009378908
"thought",-1.00025009378908
"total",-1.00025009378908
"twentyon",-1.00025009378908
"unless",-1.00025009378908
"wabukanyn",-1.00025009378908
"acced",-1.00025009378908
"acquit",-1.00025009378908
"administr",-1.00025009378908
"amongst",-1.00025009378908
"appli",-1.00025009378908
"appreci",-1.00025009378908
"attent",-1.00025009378908
"chippawa",-1.00025009378908
"decemb",-1.00025009378908
"definit",-1.00025009378908
"empti",-1.00025009378908
"erect",-1.00025009378908
"fifteenth",-1.00025009378908
"fiftyseven",-1.00025009378908
"file",-1.00025009378908
"fit",-1.00025009378908
"fulfil",-1.00025009378908
"got",-1.00025009378908
"hill",-1.00025009378908
"increas",-1.00025009378908
"infring",-1.00025009378908
"inspect",-1.00025009378908
"joseph",-1.00025009378908
"junction",-1.00025009378908
"mean",-1.00025009378908
"missisagu",-1.00025009378908
"mutual",-1.00025009378908
"net",-1.00025009378908
"nova",-1.00025009378908
"opinion",-1.00025009378908
"opposit",-1.00025009378908
"pike",-1.00025009378908
"prefer",-1.00025009378908
"pretenc",-1.00025009378908
"privi",-1.00025009378908
"regular",-1.00025009378908
"rehears",-1.00025009378908
"royal",-1.00025009378908
"send",-1.00025009378908
"seventynin",-1.00025009378908
"sourc",-1.00025009378908
"suit",-1.00025009378908
"surveyor",-1.00025009378908
"transact",-1.00025009378908
"treatment",-1.00025009378908
"turn",-1.00025009378908
"twentyeighth",-1.00025009378908
"wabakanyn",-1.00025009378908
"whetston",-1.00025009378908
"esq",-1.00025009378908
"green",-1.00025009378908
"school",-1.01233487761091
"situat",-1.01793984926574
"exclus",-1.01908862013854
"larger",-1.02011798402426
"last",-1.02309761555137
"tree",-1.02500798220382
"london",-1.04617421555112
"done",-1.0577066122145
"creek",-1.06087840023146
"belong",-1.06135266547416
"side",-1.0645667760594
"bay",-1.06929227115046
"band",-1.09175960426907
"read",-1.10557242117254
"twentyf",-1.10848276862474
"poster",-1.11450463199837
"preserv",-1.15282016063168
"john",-1.16313213851486
"rest",-1.16962852120851
"whatsoev",-1.17936994453998
"thirteenth",-1.19200708416145
"norther",-1.19738368992175
"possess",-1.19876203519453
"fifti",-1.20483399482682
"decid",-1.21710558493203
"say",-1.23045141371118
"period",-1.23630165597662
"honor",-1.23648111109314
"extens",-1.2623371325959
"cash",-1.26378756802347
"public",-1.26734566697167
"fix",-1.29107682022614
"canadian",-1.29642770958173
"quebec",-1.29757506870013
"assembl",-1.30160232919534
"away",-1.34014630979519
"alway",-1.3561334732483
"satisfi",-1.36553715858731
"find",-1.37068397896958
"emolu",-1.38963462975846
"lieu",-1.39365509423287
"fulli",-1.40869395105499
"subordin",-1.41358337290747
"twine",-1.41386901077249
"oblig",-1.44394393559281
"continu",-1.44437615376258
"william",-1.4692251569511
"state",-1.4721809859612
"ground",-1.49762293604521
"condit",-1.50410635110417
"eastern",-1.50502670313035
"three",-1.50542085776612
"take",-1.50837064151969
"octob",-1.56298709205814
"land",-1.63392859854601
"howev",-1.63849490183298
"major",-1.6950633307304
"canada",-1.71331904335979
"run",-1.7327398718217
"edg",-1.82145688768639
"properti",-1.8946055034465
"immedi",-1.90137448563766
"queen",-1.94445341578467
"futur",-2.08127669937806
